fname,lname,email,dob
Ari,Dongles,adongles0@mycompany.com,14-03-1996
Richmound,Yepiskov,ryepiskov1@mycompany.com,12-10-1994
Nancy,Jinda,njinda2@mycompany.com,04-03-1983
Ceciley,Rosenthal,crosenthal3@mycompany.com,22-05-1985
Josias,Lavin,jlavin4@mycompany.com,02-05-1985
Joey,Rolley,jrolley5@mycompany.com,25-01-1976
Leanor,Trimby,ltrimby6@mycompany.com,30-06-1988
Edythe,Hryncewicz,ehryncewicz7@mycompany.com,30-11-1977
Joell,Thundercliffe,jthundercliffe8@mycompany.com,26-02-1986
Gar,Methringham,gmethringham9@mycompany.com,29-04-1985